"Time (s)","Latitude (°)","Longitude (°)","Height (m)","Velocity (m/s)","Direction (°)","Horizontal Accuracy (m)","Vertical Accuracy (m)"
9.894620800E-2,6.045137270E1,2.226558620E1,6.317993187E0,NaN,NaN,2.396500015E1,2.288406754E1
2.177454635E0,6.045147504E1,2.226550604E1,1.375370998E0,1.620000005E0,2.421000061E2,1.487494183E1,2.069100380E1
3.177340051E0,6.045151298E1,2.226560463E1,1.768970495E1,7.200000286E-1,2.421000061E2,1.828149796E1,2.660151100E1
3.971894999E0,6.045150303E1,2.226557078E1,2.091488205E1,0.000000000E0,NaN,1.208463955E1,1.753633690E1
4.971775883E0,6.045148990E1,2.226552181E1,1.636919270E1,1.299999952E0,3.200000000E2,9.210196495E0,1.282887936E1
5.971450154E0,6.045144952E1,2.226550935E1,4.580582781E0,1.409999967E0,3.313999939E2,5.784214020E0,8.088988304E0
6.971638956E0,6.045143760E1,2.226548815E1,-6.410214691E-1,1.409999967E0,3.267000122E2,4.593512058E0,5.976695061E0
7.971430778E0,6.045143356E1,2.226547172E1,-4.378378656E0,1.350000024E0,3.152000122E2,4.008602619E0,4.707898617E0
8.971392184E0,6.045143928E1,2.226545664E1,-6.159808692E0,1.500000000E0,3.237999878E2,3.954199791E0,4.492796898E0
9.971882392E0,6.045145011E1,2.226543618E1,-6.890763109E0,1.539999962E0,3.237999878E2,3.880767822E0,4.246793747E0
1.097189531E1,6.045145870E1,2.226541926E1,-7.656996114E0,1.419999957E0,3.202000122E2,3.790092468E0,3.792105198E0
1.197102317E1,6.045146705E1,2.226540305E1,-8.495372833E0,1.399999976E0,3.225000000E2,3.790092468E0,3.361429930E0
1.297138343E1,6.045147536E1,2.226538799E1,-8.584665514E0,1.379999995E0,3.227999878E2,3.790092468E0,3.064486504E0
1.397169276E1,6.045148438E1,2.226537267E1,-8.253060013E0,1.399999976E0,3.242000122E2,3.790092468E0,2.999230385E0
1.497181374E1,6.045149348E1,2.226535689E1,-8.426703394E0,1.389999986E0,3.241000061E2,3.790092468E0,2.812547684E0
1.597121552E1,6.045150298E1,2.226534284E1,-8.284490728E0,1.360000014E0,3.248999939E2,3.790092468E0,2.617881060E0
1.697178083E1,6.045151318E1,2.226532937E1,-7.962224933E0,1.440000057E0,3.242999878E2,3.790092468E0,2.500000000E0
1.797178327E1,6.045152213E1,2.226531692E1,-8.119878344E0,1.169999957E0,3.281000061E2,3.790092468E0,2.500000000E0
1.897102031E1,6.045153124E1,2.226530176E1,-8.203556155E0,1.440000057E0,3.277000122E2,3.790092468E0,2.500000000E0
1.997189400E1,6.045154094E1,2.226528589E1,-8.606630957E0,1.309999943E0,3.292000122E2,3.790092468E0,2.500000000E0
2.097179697E1,6.045155160E1,2.226526804E1,-7.963929094E0,1.529999971E0,3.263999939E2,3.790092468E0,2.500000000E0
2.197185629E1,6.045156280E1,2.226525054E1,-7.917174907E0,1.460000038E0,3.267000122E2,3.790092468E0,2.500000000E0
2.297175275E1,6.045157351E1,2.226523457E1,-8.101317074E0,1.429999948E0,3.260000000E2,3.790092468E0,2.500000000E0
2.397168978E1,6.045158416E1,2.226521905E1,-8.120847572E0,1.450000048E0,3.245000000E2,3.790092468E0,2.500000000E0
2.497159515E1,6.045159506E1,2.226520338E1,-8.132443567E0,1.470000029E0,3.238999939E2,3.790092468E0,2.500000000E0
2.597168994E1,6.045160633E1,2.226518864E1,-7.910824784E0,1.470000029E0,3.243999939E2,3.790092468E0,2.500000000E0
2.697147223E1,6.045161776E1,2.226517461E1,-7.996823551E0,1.450000048E0,3.256000061E2,3.790092468E0,2.500000000E0
2.797119306E1,6.045162869E1,2.226515905E1,-8.264950366E0,1.409999967E0,3.228999939E2,3.790092468E0,2.500000000E0
2.897189801E1,6.045163910E1,2.226514033E1,-8.196527818E0,1.500000000E0,3.163999939E2,3.790092468E0,2.709966660E0
2.997147082E1,6.045164942E1,2.226511778E1,-7.203848340E0,1.539999962E0,3.100000000E2,3.790092468E0,2.840407372E0
3.097147327E1,6.045165520E1,2.226509166E1,-7.881514278E0,1.389999986E0,2.928999939E2,3.790092468E0,3.091018677E0
3.197142936E1,6.045165451E1,2.226506308E1,-7.893221384E0,1.559999943E0,2.687000122E2,3.790092468E0,3.415141344E0
3.297133775E1,6.045164894E1,2.226503433E1,-7.774188651E0,1.470000029E0,2.465000000E2,3.790092468E0,3.515268803E0
3.397190160E1,6.045164125E1,2.226500668E1,-7.183658700E0,1.570000052E0,2.401999969E2,3.790092468E0,3.678025484E0
3.497102217E1,6.045163489E1,2.226498023E1,-6.886342787E0,1.389999986E0,2.398000031E2,3.790092468E0,3.170028687E0
3.597119082E1,6.045162935E1,2.226495464E1,-6.741005166E0,1.450000048E0,2.393999939E2,3.790092468E0,2.900728464E0
3.697139764E1,6.045162377E1,2.226492895E1,-6.877405767E0,1.440000057E0,2.378000031E2,3.790092468E0,3.077844381E0
3.797147394E1,6.045161849E1,2.226490278E1,-6.786816583E0,1.480000019E0,2.385000000E2,3.790092468E0,3.294510841E0
3.897163650E1,6.045161275E1,2.226487665E1,-6.806517711E0,1.470000029E0,2.363999939E2,3.790092468E0,3.374456167E0
3.997177519E1,6.045160715E1,2.226485007E1,-6.393113262E0,1.519999981E0,2.363999939E2,3.790092468E0,3.343441248E0
4.097182009E1,6.045160176E1,2.226482435E1,-5.374057404E0,1.470000029E0,2.353999939E2,3.790092468E0,3.274465799E0
4.197102353E1,6.045159549E1,2.226479989E1,-5.857504041E0,1.490000010E0,2.340000000E2,3.790092468E0,3.209065437E0
4.297100806E1,6.045158892E1,2.226477597E1,-6.043648493E0,1.470000029E0,2.326999969E2,3.790092468E0,3.237797976E0
4.397147925E1,6.045158280E1,2.226475131E1,-6.172358798E0,1.429999948E0,2.343000031E2,3.790092468E0,3.269585848E0
4.497174493E1,6.045157720E1,2.226472716E1,-6.294966052E0,1.379999995E0,2.363000031E2,3.790092468E0,3.082259655E0
4.597128014E1,6.045157191E1,2.226470295E1,-6.153230177E0,1.399999976E0,2.371000061E2,3.790092468E0,3.066298962E0
4.697158248E1,6.045156684E1,2.226467871E1,-5.760456803E0,1.379999995E0,2.343000031E2,3.790092468E0,2.965786934E0
4.797172529E1,6.045156155E1,2.226465493E1,-5.106208891E0,1.370000005E0,2.345000000E2,3.790092468E0,3.060641289E0
4.897174628E1,6.045155623E1,2.226463030E1,-4.805720394E0,1.419999957E0,2.356999969E2,3.790092468E0,2.922421455E0
4.997102425E1,6.045155048E1,2.226460596E1,-4.040998395E0,1.419999957E0,2.353999939E2,3.790092468E0,2.953068972E0
5.097101873E1,6.045154498E1,2.226458189E1,-3.532685321E0,1.450000048E0,2.363000031E2,3.790092468E0,2.891755342E0
5.197147863E1,6.045153982E1,2.226455904E1,-3.204182471E0,1.419999957E0,2.358999939E2,3.790092468E0,2.788864136E0
5.297100185E1,6.045153396E1,2.226453666E1,-2.746284921E0,1.429999948E0,2.356999969E2,3.790092468E0,2.776881218E0
5.397169394E1,6.045152753E1,2.226451499E1,-2.380672521E0,1.470000029E0,2.331999969E2,3.790092468E0,2.711500406E0
5.497142878E1,6.045152076E1,2.226449287E1,-1.998946489E0,1.509999990E0,2.345000000E2,3.790092468E0,2.543730497E0
5.597101941E1,6.045151529E1,2.226447223E1,-2.109897481E0,1.220000029E0,2.383999939E2,3.790092468E0,2.622486830E0
5.697159873E1,6.045151030E1,2.226445192E1,-1.880577849E0,1.330000043E0,2.411000061E2,3.790092468E0,2.500000000E0
5.797179331E1,6.045150409E1,2.226442864E1,-1.488353595E0,1.460000038E0,2.403999939E2,3.790092468E0,2.500000000E0
5.897148149E1,6.045149636E1,2.226440567E1,-8.684065276E-1,1.429999948E0,2.366999969E2,3.790092468E0,2.500000000E0
5.997186446E1,6.045148845E1,2.226438674E1,-6.853506141E-1,1.190000057E0,2.346000061E2,3.790092468E0,2.695849657E0
6.097129368E1,6.045147944E1,2.226436559E1,-2.024885796E-1,1.490000010E0,2.323000031E2,3.790092468E0,2.796716213E0
6.197143206E1,6.045147083E1,2.226434195E1,1.559235533E-1,1.360000014E0,2.370000000E2,3.790092468E0,2.798474550E0
6.297134018E1,6.045146278E1,2.226431797E1,5.574873931E-1,1.549999952E0,2.386000061E2,3.790092468E0,2.871913433E0
6.397130753E1,6.045145426E1,2.226429342E1,4.674135122E-1,1.539999962E0,2.378999939E2,3.790092468E0,2.844588041E0
6.497102680E1,6.045144549E1,2.226427010E1,6.211747207E-1,1.480000019E0,2.338000031E2,3.790092468E0,2.950520992E0
6.597101721E1,6.045143641E1,2.226424744E1,1.282687290E0,1.500000000E0,2.318000031E2,3.879581451E0,3.160762310E0
6.697180966E1,6.045142720E1,2.226422464E1,1.623399199E0,1.519999981E0,2.321000061E2,3.953812361E0,3.281599522E0
6.797116581E1,6.045141795E1,2.226420155E1,2.366271888E0,1.500000000E0,2.316999969E2,3.975069046E0,3.295725107E0
6.897164414E1,6.045140910E1,2.226417929E1,2.468763186E0,1.480000019E0,2.323999939E2,4.045156479E0,3.378258467E0
6.997148003E1,6.045140068E1,2.226415715E1,2.640712228E0,1.539999962E0,2.323999939E2,4.060252666E0,3.450488567E0
7.097118398E1,6.045139294E1,2.226413475E1,2.616005756E0,1.509999990E0,2.333000031E2,3.981879711E0,3.296457767E0
7.197122565E1,6.045138558E1,2.226411214E1,2.675710796E0,1.529999971E0,2.335000000E2,3.957482100E0,3.257431746E0
7.297119726E1,6.045137828E1,2.226408957E1,2.870486590E0,1.539999962E0,2.341000061E2,3.819190502E0,3.029201269E0
7.397125841E1,6.045137125E1,2.226406800E1,3.073318494E0,1.500000000E0,2.336999969E2,3.823348284E0,3.017224789E0
7.497199570E1,6.045136497E1,2.226404666E1,3.226589380E0,1.509999990E0,2.346000061E2,3.790092468E0,2.948877096E0
7.597190023E1,6.045135841E1,2.226402558E1,3.324684524E0,1.559999943E0,2.335000000E2,3.790092468E0,2.736400127E0
7.697177091E1,6.045135174E1,2.226400444E1,3.502796837E0,1.570000052E0,2.336000061E2,3.790092468E0,2.586345196E0
7.797148622E1,6.045134509E1,2.226398255E1,3.598145765E0,1.549999952E0,2.328000031E2,3.790092468E0,2.578671932E0
7.897180127E1,6.045133872E1,2.226396153E1,3.388013250E0,1.509999990E0,2.328000031E2,3.790092468E0,2.670541763E0
7.997115106E1,6.045133241E1,2.226394016E1,3.355981429E0,1.539999962E0,2.338000031E2,3.790092468E0,2.587301254E0
8.097159007E1,6.045132628E1,2.226391833E1,3.462682610E0,1.509999990E0,2.346999969E2,3.790092468E0,2.568426371E0
8.197146476E1,6.045132408E1,2.226390253E1,3.042096705E0,7.099999785E-1,2.401999969E2,3.813138008E0,2.876199007E0
8.297180898E1,6.045132169E1,2.226388526E1,3.308095950E0,1.440000057E0,2.405000000E2,3.790092468E0,2.943351746E0
8.397148169E1,6.045131694E1,2.226386298E1,3.521058818E0,1.429999948E0,2.395000000E2,3.792414427E0,2.938866615E0
8.497140502E1,6.045131189E1,2.226384220E1,3.679394779E0,1.259999990E0,2.363000031E2,4.095901012E0,3.142640829E0
8.597120387E1,6.045130661E1,2.226382191E1,3.932701367E0,1.250000000E0,2.373000031E2,4.422429562E0,3.661878824E0
8.697101809E1,6.045129994E1,2.226379740E1,4.567113840E0,1.529999971E0,2.366999969E2,4.197261810E0,3.697537422E0
8.797174366E1,6.045129360E1,2.226377600E1,5.001146500E0,1.139999986E0,2.348000031E2,4.072061062E0,3.518002272E0
8.897183471E1,6.045128654E1,2.226375618E1,5.692625188E0,1.289999962E0,2.346000061E2,4.084482670E0,3.577457905E0
8.997131528E1,6.045127874E1,2.226373452E1,5.841624509E0,1.350000024E0,2.336999969E2,3.980985880E0,3.442265272E0
9.097116882E1,6.045127072E1,2.226371448E1,5.483787363E0,1.299999952E0,2.318000031E2,3.879430056E0,3.257065296E0
9.197143293E1,6.045126257E1,2.226369412E1,5.570347382E0,1.330000043E0,2.301999969E2,3.826571226E0,3.254949570E0
9.297129767E1,6.045125483E1,2.226367191E1,5.692064175E0,1.370000005E0,2.331999969E2,3.825963974E0,3.259904623E0
9.397188746E1,6.045124702E1,2.226365006E1,5.818053323E0,1.350000024E0,2.350000000E2,3.792568445E0,3.265694857E0
9.497129851E1,6.045123930E1,2.226362812E1,6.422558085E0,1.389999986E0,2.355000000E2,3.838193655E0,3.467864990E0
9.597147194E1,6.045123119E1,2.226360765E1,6.555810022E0,1.330000043E0,2.321999969E2,3.939388514E0,3.628435850E0
9.697184819E1,6.045122255E1,2.226358708E1,6.531042247E0,1.549999952E0,2.335000000E2,3.994084835E0,3.708083868E0
9.797128132E1,6.045121339E1,2.226356569E1,6.416797520E0,1.549999952E0,2.318999939E2,4.053182125E0,3.800793409E0
9.897147366E1,6.045120425E1,2.226354520E1,6.790162290E0,1.509999990E0,2.331999969E2,4.132940292E0,4.072565079E0
9.997189809E1,6.045119561E1,2.226352582E1,7.098951174E0,1.450000048E0,2.330000000E2,4.077342510E0,4.045941353E0
1.009709412E2,6.045118852E1,2.226350998E1,7.611595297E0,9.300000072E-1,2.336999969E2,3.822697639E0,3.645000458E0
1.019712431E2,6.045118191E1,2.226349477E1,8.219453772E0,1.129999995E0,2.343999939E2,4.001396179E0,3.859067917E0
1.029711315E2,6.045117429E1,2.226347928E1,8.643108766E0,1.190000057E0,2.280000000E2,3.849359274E0,3.770900249E0
1.039714718E2,6.045116678E1,2.226346204E1,9.147880119E0,1.230000019E0,2.298000031E2,3.792413473E0,3.761767149E0
1.049719540E2,6.045115949E1,2.226344438E1,9.773440102E0,1.190000057E0,2.285000000E2,3.790092468E0,3.759065628E0
1.059712017E2,6.045115256E1,2.226342545E1,1.035413956E1,1.250000000E0,2.323999939E2,3.790092468E0,3.787005424E0
1.069718030E2,6.045114620E1,2.226340455E1,1.034212712E1,1.230000019E0,2.321999969E2,3.790092468E0,3.796225548E0
1.079710287E2,6.045114096E1,2.226338321E1,1.064346877E1,1.240000010E0,2.346000061E2,3.790092468E0,3.511496544E0
1.089718979E2,6.045113541E1,2.226335975E1,1.091911561E1,1.399999976E0,2.348999939E2,3.790092468E0,3.455825090E0
1.099710127E2,6.045113009E1,2.226333630E1,1.104131995E1,1.299999952E0,2.346999969E2,3.790092468E0,3.323672056E0
1.109714824E2,6.045112489E1,2.226331215E1,1.073542392E1,1.389999986E0,2.336000061E2,3.790092468E0,2.862392664E0
1.119719044E2,6.045111987E1,2.226328667E1,1.052474317E1,1.379999995E0,2.356999969E2,3.790092468E0,3.013555050E0
1.129717394E2,6.045111465E1,2.226326092E1,1.082669691E1,1.399999976E0,2.345000000E2,3.790092468E0,2.994514227E0
1.139714527E2,6.045110906E1,2.226323507E1,1.030968115E1,1.399999976E0,2.328000031E2,3.790092468E0,2.830896854E0
1.149710424E2,6.045110417E1,2.226320896E1,1.034613193E1,1.419999957E0,2.313999939E2,3.790092468E0,2.818864822E0
1.159719020E2,6.045109995E1,2.226318195E1,1.026478487E1,1.429999948E0,2.336999969E2,3.790092468E0,2.716560602E0
1.169718307E2,6.045109673E1,2.226315383E1,1.041543238E1,1.399999976E0,2.353999939E2,3.790092468E0,2.760351896E0
1.179718902E2,6.045109379E1,2.226312493E1,1.043833348E1,1.299999952E0,2.368999939E2,3.790092468E0,2.576276541E0
1.189717470E2,6.045109013E1,2.226309450E1,1.080553485E1,1.440000057E0,2.353000031E2,3.790092468E0,2.730463505E0
1.199714611E2,6.045108622E1,2.226306298E1,1.053314939E1,1.409999967E0,2.358000031E2,3.790092468E0,2.751141071E0
1.209714390E2,6.045108277E1,2.226303256E1,1.032668122E1,1.419999957E0,2.355000000E2,3.790092468E0,2.598310947E0
1.219712661E2,6.045107968E1,2.226300104E1,9.865391534E0,1.440000057E0,2.368000031E2,3.790092468E0,2.610143900E0
1.229714440E2,6.045107676E1,2.226296848E1,9.393054807E0,1.470000029E0,2.365000000E2,3.790092468E0,2.500000000E0
1.239714014E2,6.045107448E1,2.226293758E1,9.214113096E0,1.399999976E0,2.358000031E2,3.790092468E0,2.500000000E0
1.249714085E2,6.045107233E1,2.226290787E1,9.422255810E0,1.409999967E0,2.351000061E2,3.790092468E0,2.500000000E0
1.259710273E2,6.045107022E1,2.226287750E1,9.128323569E0,1.500000000E0,2.363999939E2,3.790092468E0,2.500000000E0
1.269712268E2,6.045106778E1,2.226284788E1,8.821329675E0,1.470000029E0,2.351999969E2,3.790092468E0,2.500000000E0
1.279713425E2,6.045106522E1,2.226281881E1,9.117362968E0,1.440000057E0,2.356000061E2,3.790092468E0,2.500000000E0
1.289713313E2,6.045106227E1,2.226278881E1,9.031621923E0,1.539999962E0,2.345000000E2,3.790092468E0,2.500000000E0
1.299712491E2,6.045105911E1,2.226275866E1,8.525165713E0,1.429999948E0,2.358000031E2,3.790092468E0,2.500000000E0
1.309710349E2,6.045105649E1,2.226272850E1,8.074800541E0,1.440000057E0,2.366999969E2,3.790092468E0,2.500000000E0
1.319718567E2,6.045105388E1,2.226269800E1,7.457077101E0,1.409999967E0,2.370000000E2,3.790092468E0,2.500000000E0
1.329714576E2,6.045105180E1,2.226266746E1,7.422239150E0,1.440000057E0,2.403000031E2,3.790092468E0,2.500000000E0
1.339711772E2,6.045104913E1,2.226263689E1,7.450878072E0,1.450000048E0,2.386000061E2,3.790092468E0,2.500000000E0
1.349714819E2,6.045104628E1,2.226260604E1,7.512842392E0,1.480000019E0,2.388999939E2,3.790092468E0,2.500000000E0
1.359712131E2,6.045104312E1,2.226257543E1,7.459206187E0,1.429999948E0,2.376999969E2,3.790092468E0,2.500000000E0
1.369710230E2,6.045103964E1,2.226254547E1,7.440543032E0,1.440000057E0,2.396000061E2,3.790092468E0,2.500000000E0
1.379717132E2,6.045103570E1,2.226251683E1,7.261906442E0,1.470000029E0,2.378000031E2,3.790092468E0,2.666508675E0
1.389719008E2,6.045103131E1,2.226248748E1,6.266314795E0,1.590000033E0,2.368999939E2,3.790092468E0,2.847780228E0
1.399717929E2,6.045102597E1,2.226245881E1,5.544893281E0,1.580000043E0,2.355000000E2,3.790092468E0,2.784820080E0
1.409716547E2,6.045102023E1,2.226243323E1,4.798690475E0,1.490000010E0,2.348000031E2,3.790092468E0,2.748115540E0
1.419716038E2,6.045101372E1,2.226240730E1,3.931577552E0,1.710000038E0,2.341999969E2,3.790092468E0,2.788682938E0
1.429711311E2,6.045100774E1,2.226238329E1,3.349558817E0,1.490000010E0,2.340000000E2,3.790092468E0,3.082169294E0
1.439714919E2,6.045100156E1,2.226235819E1,3.242821375E0,1.620000005E0,2.386000061E2,3.790092468E0,3.147759199E0
1.449718918E2,6.045099459E1,2.226233131E1,3.101844314E0,1.580000043E0,2.385000000E2,3.790092468E0,3.409616232E0
1.459719043E2,6.045098692E1,2.226230456E1,3.448782595E0,1.610000014E0,2.383999939E2,3.855753422E0,3.572852612E0
1.469713680E2,6.045097967E1,2.226228300E1,3.602725448E0,1.149999976E0,2.331999969E2,4.317299366E0,3.813606262E0
1.479714109E2,6.045097130E1,2.226226719E1,3.716322356E0,1.340000033E0,2.253999939E2,4.984759331E0,4.273851395E0
1.489710325E2,6.045096196E1,2.226224945E1,4.205652939E0,1.470000029E0,2.258999939E2,4.788813591E0,4.687402248E0
1.499714840E2,6.045095214E1,2.226223331E1,4.388830789E0,1.299999952E0,2.278999939E2,4.988541126E0,4.824939251E0
1.509710388E2,6.045094444E1,2.226222412E1,5.353987241E0,8.399999738E-1,2.296999969E2,5.264232635E0,4.930899143E0
1.519716940E2,6.045093535E1,2.226222435E1,4.767321825E0,6.800000072E-1,2.058999939E2,5.339803219E0,5.460969925E0
1.529718791E2,6.045091998E1,2.226223799E1,3.891530748E0,8.399999738E-1,1.570000000E2,4.856256008E0,5.306185246E0
1.539716569E2,6.045089877E1,2.226225647E1,3.822564442E0,1.029999971E0,1.538000031E2,4.656194210E0,5.114585876E0
1.549716169E2,6.045087396E1,2.226227109E1,4.200867107E0,1.309999943E0,1.733000031E2,4.892248631E0,5.376890659E0
1.559716520E2,6.045084881E1,2.226228668E1,3.498420048E0,1.289999962E0,1.745000000E2,4.966789722E0,5.701551437E0
1.569718067E2,6.045082505E1,2.226230504E1,3.634655274E0,1.399999976E0,1.611000061E2,5.213991165E0,6.112608433E0
1.579714842E2,6.045080143E1,2.226232835E1,3.508376265E0,1.519999981E0,1.466999969E2,5.361314774E0,6.368270874E0
1.589717666E2,6.045077872E1,2.226235233E1,3.630387546E0,1.539999962E0,1.468000031E2,5.369497776E0,6.359779358E0
1.599714834E2,6.045075652E1,2.226237584E1,3.462481763E0,1.570000052E0,1.458000031E2,5.401620388E0,6.348730087E0
1.609714535E2,6.045073547E1,2.226239831E1,3.271382450E0,1.490000010E0,1.446999969E2,5.350009918E0,6.249202251E0
1.619712963E2,6.045071506E1,2.226241946E1,3.237326793E0,1.559999943E0,1.448999939E2,5.304971218E0,6.148572445E0
1.629718874E2,6.045069500E1,2.226243941E1,2.641259713E0,1.519999981E0,1.448000031E2,5.272263050E0,6.074797630E0
1.639716913E2,6.045067488E1,2.226245817E1,2.956753194E0,1.620000005E0,1.453000031E2,5.117732048E0,5.832863331E0
1.649714473E2,6.045065447E1,2.226247628E1,2.802886726E0,1.580000043E0,1.448999939E2,4.793717384E0,5.436084270E0
1.659716679E2,6.045063441E1,2.226249231E1,2.527866118E0,1.580000043E0,1.466999969E2,4.863353729E0,5.482115269E0
1.669716214E2,6.045061560E1,2.226250653E1,2.626014539E0,1.580000043E0,1.468999939E2,4.595102310E0,5.138429642E0
1.679714736E2,6.045059680E1,2.226251992E1,2.813823927E0,1.570000052E0,1.483000031E2,4.385861397E0,4.858658314E0
1.689714576E2,6.045057907E1,2.226253228E1,3.047348514E0,1.580000043E0,1.468000031E2,4.364257336E0,4.762621880E0
1.699717555E2,6.045056108E1,2.226254470E1,2.873097329E0,1.620000005E0,1.476000061E2,4.215697289E0,4.492894173E0
1.709716028E2,6.045054388E1,2.226255654E1,2.518487088E0,1.600000024E0,1.466999969E2,4.140096188E0,4.359326839E0
1.719714874E2,6.045052717E1,2.226256785E1,2.367062843E0,1.539999962E0,1.466999969E2,4.092860222E0,4.237526417E0
1.729718015E2,6.045051070E1,2.226257859E1,2.156678741E0,1.610000014E0,1.466999969E2,4.146291256E0,4.230430126E0
1.739711588E2,6.045049411E1,2.226258974E1,1.801397077E0,1.620000005E0,1.458999939E2,4.028759956E0,4.066611290E0
1.749712682E2,6.045047763E1,2.226260035E1,1.177621919E0,1.720000029E0,1.451000061E2,3.924689054E0,3.828485727E0
1.759714913E2,6.045046121E1,2.226261101E1,9.359267881E-1,1.629999995E0,1.450000000E2,3.889357805E0,3.755384684E0
1.769714832E2,6.045044469E1,2.226262177E1,7.513605747E-1,1.669999957E0,1.456999969E2,3.833851337E0,3.654361010E0
1.779710408E2,6.045042818E1,2.226263261E1,6.088475473E-1,1.700000048E0,1.460000000E2,3.796368837E0,3.561271906E0
1.789718840E2,6.045041212E1,2.226264486E1,2.380622505E-1,1.830000043E0,1.443999939E2,3.790092468E0,3.355630159E0
1.799711387E2,6.045039634E1,2.226265877E1,-3.409103175E-2,1.750000000E0,1.435000000E2,3.790092468E0,3.294340849E0
1.809710310E2,6.045038119E1,2.226267316E1,-1.508493145E-1,1.740000010E0,1.435000000E2,3.790092468E0,3.192919016E0
1.819710355E2,6.045036624E1,2.226268768E1,-1.414480819E-1,1.769999981E0,1.433999939E2,3.790092468E0,3.175262928E0
1.829717182E2,6.045035219E1,2.226270302E1,-5.127238981E-1,1.700000048E0,1.411000061E2,3.790092468E0,3.084377050E0
1.839713925E2,6.045033892E1,2.226272069E1,-8.673994675E-1,1.740000010E0,1.370000000E2,3.790092468E0,3.018850088E0
1.849717909E2,6.045032620E1,2.226273983E1,-1.197478728E0,1.679999948E0,1.351000061E2,4.040310383E0,3.286678314E0
1.859717607E2,6.045031304E1,2.226275848E1,-1.176300249E0,1.669999957E0,1.388999939E2,4.233527660E0,3.708756924E0
1.869711504E2,6.045029965E1,2.226277817E1,-5.525830013E-1,1.730000019E0,1.390000000E2,4.106651783E0,3.768100739E0
1.879710427E2,6.045028652E1,2.226279952E1,-2.585174209E-1,1.730000019E0,1.376000061E2,4.007070541E0,3.714672565E0
1.889716353E2,6.045027346E1,2.226281989E1,1.009781991E-1,1.710000038E0,1.366000061E2,3.997538805E0,3.753781319E0
1.899714892E2,6.045026058E1,2.226283915E1,2.240239716E-1,1.649999976E0,1.396000061E2,4.045786381E0,3.869988680E0
1.909710234E2,6.045024714E1,2.226285685E1,5.450686908E-1,1.649999976E0,1.433000031E2,4.006731510E0,3.816844463E0
1.919718943E2,6.045023299E1,2.226287307E1,7.730357408E-1,1.720000029E0,1.445000000E2,3.965757847E0,3.753176689E0
1.929717347E2,6.045021904E1,2.226288890E1,1.287807043E0,1.669999957E0,1.456000061E2,3.979698896E0,3.782895565E0
1.939716982E2,6.045020531E1,2.226290285E1,1.601834348E0,1.590000033E0,1.458000031E2,3.896913528E0,3.649141073E0
1.949718720E2,6.045019232E1,2.226291620E1,1.484281927E0,1.600000024E0,1.441999969E2,3.889365673E0,3.660255432E0
1.959719450E2,6.045017921E1,2.226292937E1,2.071624657E0,1.690000057E0,1.456000061E2,3.851858377E0,3.645038128E0
1.969712805E2,6.045016585E1,2.226294340E1,2.577607310E0,1.730000019E0,1.446000061E2,3.790092468E0,3.538863897E0
1.979711995E2,6.045015359E1,2.226295742E1,2.928377008E0,1.610000014E0,1.456999969E2,3.790092468E0,3.439341068E0
1.989710691E2,6.045014249E1,2.226297232E1,3.115632589E0,1.639999986E0,1.436000061E2,3.790092468E0,3.340654135E0
1.999719320E2,6.045013149E1,2.226298724E1,3.741303638E0,1.600000024E0,1.440000000E2,3.790092468E0,3.284476995E0
2.009711992E2,6.045012059E1,2.226300141E1,3.839448077E0,1.590000033E0,1.433999939E2,3.790092468E0,3.184219599E0
2.019717914E2,6.045010970E1,2.226301493E1,3.804475093E0,1.590000033E0,1.446000061E2,3.790092468E0,3.184772491E0
2.029717963E2,6.045009821E1,2.226302814E1,3.932893648E0,1.639999986E0,1.443999939E2,3.790092468E0,3.101325512E0
2.039717735E2,6.045008607E1,2.226304155E1,4.311556593E0,1.649999976E0,1.448000031E2,3.790092468E0,3.090346098E0
2.049711057E2,6.045007347E1,2.226305466E1,4.514926921E0,1.669999957E0,1.446999969E2,3.790092468E0,2.959208250E0
2.059712975E2,6.045006002E1,2.226306751E1,4.917943777E0,1.730000019E0,1.455000000E2,3.790092468E0,2.749057293E0
2.069719189E2,6.045004604E1,2.226308011E1,5.548194886E0,1.730000019E0,1.443999939E2,3.790092468E0,2.650527716E0
2.079717766E2,6.045003181E1,2.226309294E1,5.972147203E0,1.720000029E0,1.443000031E2,3.790092468E0,2.608077049E0
2.089717646E2,6.045001712E1,2.226310547E1,6.353619402E0,1.779999971E0,1.443999939E2,3.790092468E0,2.500000000E0
2.099713792E2,6.045000162E1,2.226311722E1,6.896164097E0,1.740000010E0,1.458000031E2,3.790092468E0,2.500000000E0
2.109711391E2,6.044998585E1,2.226312740E1,7.507435135E0,1.679999948E0,1.460000000E2,3.790092468E0,2.500000000E0
2.119713480E2,6.044997089E1,2.226313758E1,7.790397657E0,1.669999957E0,1.453999939E2,3.790092468E0,2.500000000E0
2.129710521E2,6.044995610E1,2.226314823E1,8.014277877E0,1.669999957E0,1.450000000E2,3.790092468E0,2.500000000E0
2.139717774E2,6.044994123E1,2.226315891E1,8.330382246E0,1.690000057E0,1.458000031E2,3.790092468E0,2.500000000E0
2.149710711E2,6.044992643E1,2.226316946E1,8.609499327E0,1.669999957E0,1.470000000E2,3.790092468E0,2.500000000E0
2.159718318E2,6.044991179E1,2.226317909E1,8.809393057E0,1.659999967E0,1.480000000E2,3.790092468E0,2.500000000E0
2.169710847E2,6.044989767E1,2.226318846E1,8.821847663E0,1.649999976E0,1.480000000E2,3.790092468E0,2.500000000E0
2.179719488E2,6.044988320E1,2.226319876E1,8.447278152E0,1.720000029E0,1.473000031E2,3.790092468E0,2.500000000E0
2.189712209E2,6.044986859E1,2.226321121E1,8.763381690E0,1.710000038E0,1.461999969E2,3.790092468E0,2.500000000E0
2.199714736E2,6.044985435E1,2.226322515E1,9.100114334E0,1.750000000E0,1.455000000E2,3.790092468E0,2.500000000E0
2.209716935E2,6.044984095E1,2.226323842E1,8.858294572E0,1.659999967E0,1.451000061E2,3.790092468E0,2.500000000E0
2.219719243E2,6.044982718E1,2.226325237E1,8.928059202E0,1.769999981E0,1.451999969E2,3.790092468E0,2.500000000E0
2.229715696E2,6.044981280E1,2.226326814E1,9.200399103E0,1.830000043E0,1.451000061E2,3.790092468E0,2.500000000E0
2.239710770E2,6.044979885E1,2.226328337E1,9.036276598E0,1.710000038E0,1.456000061E2,3.790092468E0,2.500000000E0
2.249714919E2,6.044978627E1,2.226329502E1,8.292320832E0,1.690000057E0,1.471999969E2,3.790092468E0,2.500000000E0
2.259708998E2,6.044977453E1,2.226330647E1,7.782678685E0,1.759999990E0,1.468000031E2,3.790092468E0,2.500000000E0
2.269717088E2,6.044976265E1,2.226331939E1,8.206812883E0,1.730000019E0,1.463999939E2,3.790092468E0,2.514056206E0
2.279718550E2,6.044975085E1,2.226333347E1,8.027858203E0,1.730000019E0,1.448000031E2,3.790092468E0,2.569099665E0
2.289710737E2,6.044973940E1,2.226334827E1,8.234034897E0,1.710000038E0,1.448999939E2,3.790092468E0,2.500000000E0
2.299710641E2,6.044972912E1,2.226336035E1,6.731777017E0,1.690000057E0,1.453000031E2,3.790092468E0,2.658586025E0
2.309718053E2,6.044971927E1,2.226337117E1,5.867703011E0,1.710000038E0,1.456000061E2,3.790092468E0,2.509750366E0
2.319712235E2,6.044970847E1,2.226338311E1,5.811612441E0,1.769999981E0,1.456999969E2,3.790092468E0,2.500000000E0
2.329717670E2,6.044969797E1,2.226339516E1,4.625028512E0,1.730000019E0,1.461999969E2,3.790092468E0,2.500000000E0
2.339716075E2,6.044968676E1,2.226340653E1,3.859038472E0,1.710000038E0,1.465000000E2,3.790092468E0,2.500000000E0
2.349718696E2,6.044967591E1,2.226341836E1,2.978973361E0,1.659999967E0,1.463999939E2,3.790092468E0,2.500000000E0
2.359709962E2,6.044966466E1,2.226342991E1,2.286347528E0,1.710000038E0,1.458999939E2,3.790092468E0,2.500000000E0
2.369718536E2,6.044965342E1,2.226344307E1,1.459321639E0,1.669999957E0,1.446000061E2,3.790092468E0,2.500000000E0
2.379713583E2,6.044964223E1,2.226345738E1,9.685379464E-1,1.720000029E0,1.453000031E2,3.790092468E0,2.500000000E0
2.389716142E2,6.044963074E1,2.226347409E1,1.066681679E0,1.720000029E0,1.450000000E2,3.790092468E0,2.500000000E0
2.399717189E2,6.044962077E1,2.226349687E1,1.334377906E0,1.659999967E0,1.418999939E2,3.790092468E0,2.500000000E0
2.409709873E2,6.044961462E1,2.226352636E1,1.435321502E0,1.549999952E0,1.346000061E2,3.790092468E0,2.500000000E0
2.419714320E2,6.044961166E1,2.226356029E1,1.523932628E0,1.559999943E0,1.254000015E2,3.790092468E0,2.500000000E0
2.429716112E2,6.044961236E1,2.226360104E1,1.530446921E0,1.740000010E0,1.123000031E2,3.790092468E0,2.500000000E0
2.439718617E2,6.044961523E1,2.226364189E1,1.823947383E0,1.399999976E0,1.110999985E2,3.790092468E0,2.500000000E0
